id,firstname,lastname,email,email2,salary
100,Lucille,Dahlia,Lucille.Dahlia@yopmail.com,Lucille.Dahlia@gmail.com,53
101,Fred,Revkah,Fred.Revkah@yopmail.com,Fred.Revkah@gmail.com,47
102,Sallie,Llovera,Sallie.Llovera@yopmail.com,Sallie.Llovera@gmail.com,86
103,Kathy,Dreda,Kathy.Dreda@yopmail.com,Kathy.Dreda@gmail.com,98
104,Aryn,Zrike,Aryn.Zrike@yopmail.com,Aryn.Zrike@gmail.com,7
105,Suzette,Dalli,Suzette.Dalli@yopmail.com,Suzette.Dalli@gmail.com,75
106,Linzy,Dreda,Linzy.Dreda@yopmail.com,Linzy.Dreda@gmail.com,34
107,Babita,Drisko,Babita.Drisko@yopmail.com,Babita.Drisko@gmail.com,88
108,Eolanda,Goddard,Eolanda.Goddard@yopmail.com,Eolanda.Goddard@gmail.com,26
109,Kate,Morehouse,Kate.Morehouse@yopmail.com,Kate.Morehouse@gmail.com,82
110,Dyann,Curren,Dyann.Curren@yopmail.com,Dyann.Curren@gmail.com,58
111,Aryn,Markman,Aryn.Markman@yopmail.com,Aryn.Markman@gmail.com,39
112,Ellette,Myrilla,Ellette.Myrilla@yopmail.com,Ellette.Myrilla@gmail.com,64
113,Merle,Thomasina,Merle.Thomasina@yopmail.com,Merle.Thomasina@gmail.com,20
114,Leona,Helve,Leona.Helve@yopmail.com,Leona.Helve@gmail.com,85
115,Rosanne,Velick,Rosanne.Velick@yopmail.com,Rosanne.Velick@gmail.com,64
116,Emmey,Maxi,Emmey.Maxi@yopmail.com,Emmey.Maxi@gmail.com,99
117,Layla,Goerke,Layla.Goerke@yopmail.com,Layla.Goerke@gmail.com,24
118,Jorry,Toor,Jorry.Toor@yopmail.com,Jorry.Toor@gmail.com,60
